{"cameraMode":{"drawMode":0,"name":"Shaded","section":"Shading Mode"},"sceneLighting":false,"audioPlay":false,"sceneViewState":{"showFog":true,"showMaterialUpdate":false,"showSkybox":false,"showFlares":true,"showImageEffects":true,"showParticleSystems":true},"in2DMode":false,"pivot":{"x":16.599863052368165,"y":-1.1530588865280152,"z":-68.7456283569336},"rotation":{"x":-0.00621912581846118,"y":0.9903307557106018,"z":-0.13028883934020997,"w":-0.04727351292967796},"size":1.6941516399383546,"orthographic":false}