{"cameraMode":{"drawMode":0,"name":"Shaded","section":"Shading Mode"},"sceneLighting":true,"audioPlay":false,"sceneViewState":{"showFog":true,"showMaterialUpdate":false,"showSkybox":true,"showFlares":true,"showImageEffects":true,"showParticleSystems":true},"in2DMode":false,"pivot":{"x":-1.7236518859863282,"y":-154.09817504882813,"z":88.90756225585938},"rotation":{"x":-0.02832621894776821,"y":0.8164718747138977,"z":-0.5752900838851929,"w":-0.04020234942436218},"size":227.55465698242188,"orthographic":false}