{"cameraMode":{"drawMode":0,"name":"Shaded","section":"Shading Mode"},"sceneLighting":true,"audioPlay":false,"sceneViewState":{"showFog":true,"showMaterialUpdate":false,"showSkybox":true,"showFlares":true,"showImageEffects":true,"showParticleSystems":true},"in2DMode":false,"pivot":{"x":-29.748741149902345,"y":5.900399208068848,"z":-47.59642028808594},"rotation":{"x":-0.21407732367515565,"y":-0.5556541681289673,"z":0.15073922276496888,"w":-0.7891178727149963},"size":8.690500259399414,"orthographic":false}