{"cameraMode":{"drawMode":0,"name":"Shaded","section":"Shading Mode"},"sceneLighting":true,"audioPlay":false,"sceneViewState":{"showFog":true,"showMaterialUpdate":false,"showSkybox":true,"showFlares":true,"showImageEffects":true,"showParticleSystems":true},"in2DMode":false,"pivot":{"x":3.25537109375,"y":-1.02354097366333,"z":-27.122838973999025},"rotation":{"x":-0.1452026516199112,"y":-0.03501972556114197,"z":0.00514301797375083,"w":-0.9887693524360657},"size":18.41031837463379,"orthographic":false}