{"cameraMode":{"drawMode":0,"name":"Shaded","section":"Shading Mode"},"sceneLighting":true,"audioPlay":false,"sceneViewState":{"showFog":true,"showMaterialUpdate":false,"showSkybox":true,"showFlares":true,"showImageEffects":true,"showParticleSystems":true},"in2DMode":false,"pivot":{"x":-0.8541624546051025,"y":3.574871063232422,"z":-11.073490142822266},"rotation":{"x":0.008997634053230286,"y":-0.022497208788990976,"z":0.00020247790962457657,"w":0.9997069835662842},"size":23.167818069458009,"orthographic":false}