{"cameraMode":{"drawMode":0,"name":"Shaded","section":"Shading Mode"},"sceneLighting":true,"audioPlay":false,"sceneViewState":{"showFog":true,"showMaterialUpdate":false,"showSkybox":true,"showFlares":true,"showImageEffects":true,"showParticleSystems":true},"in2DMode":false,"pivot":{"x":16.512271881103517,"y":3.051966667175293,"z":-34.82157516479492},"rotation":{"x":-0.14055235683918,"y":0.8343779444694519,"z":-0.24881599843502046,"w":-0.471327543258667},"size":10.2442626953125,"orthographic":false}